Model,F1,AUC_PR
Logistic Regression,0.2611885546588408,0.4330770201963651
Random Forest,0.6258823529411764,0.6034183104939088
